{"time": "2021_01_25_16_48_09_", "last_fractal_value": 1.58576350147484, "fractal_values": [1.5, 1.0, 1.5849625007211563, 2.0, 2.321928094887362, 2.584962500721156, 2.807354922057604, 2.584059348440358, 2.730424777943941, 2.8613531161467862, 2.306287745758198, 2.1583624920952493, 2.0, 2.0577851347732374, 1.8738421406894301, 1.9184997325450517, 1.9604490919316533, 1.7958889470453636, 1.8294828004351504, 1.6990504814479066, 1.639673275776954, 1.6647273287476714, 1.647371798448217, 1.6697323909794262, 1.6911800473608132, 1.6656837311542876, 1.668252884784135, 1.6211660198167153, 1.6133126192053855, 1.6295552672798317, 1.645265272462849, 1.5817959093978224, 1.5958403966783266, 1.6094655823006423, 1.6226957788694538, 1.6355532438349962, 1.6480584047901183, 1.6602300547162698, 1.6720855218636959, 1.6836408181204352, 1.6949107690581977, 1.7059091283052104, 1.7166486784594714, 1.7271413203995218, 1.737398152557609, 1.7474295414792835, 1.7572451847940869, 1.7668541675561917, 1.7762650127754243, 1.7611209071218588, 1.770035686226903, 1.7787773518387306, 1.7357563930086808, 1.6783037183253136, 1.68602383635422, 1.6936048455612778, 1.701051670545272, 1.7083689789427892, 1.7155611990004977, 1.7226325356705479, 1.6710934152580579, 1.677703408718162, 1.6842076377335407, 1.6389125711817856, 1.6450223861754818, 1.605122287603284, 1.610883533720761, 1.6165594248981288, 1.6221524533851988, 1.6276650038450649, 1.6330993594588388, 1.6384577076034426, 1.6437421451377858, 1.6489546833293085, 1.6540972524498485, 1.6591717060671256, 1.632086146326098, 1.6369343073802676, 1.6417207067397863, 1.6464468982202298, 1.6110689221579573, 1.6155673164164628, 1.5838905271781916, 1.5554657157508487, 1.5298010557262602, 1.5338285188208272, 1.5378094206051822, 1.5417448253730022, 1.5456357613386489, 1.5494832222497406, 1.553288168910621, 1.5570515306225778, 1.5607742065462025, 1.5644570669908966, 1.5681009546361435, 1.5717066856888369, 1.5752750509806401, 1.5788068170090674, 1.5823027269257168, 1.58576350147484], "particles": [[0, 0], [-1.0, 0.0], [-1.0, -1.0], [1.0, 0.0], [0.0, 1.0], [1.0, 1.0], [0.0, 2.0], [-1.0, -2.0], [2.0, 0.0], [2.0, 1.0], [-2.0, -2.0], [3.0, 1.0], [3.0, 2.0], [3.0, 0.0], [3.0, 3.0], [-3.0, -2.0], [3.0, -1.0], [3.0, 4.0], [2.0, -1.0], [3.0, 5.0], [4.0, 5.0], [-4.0, -2.0], [3.0, 6.0], [2.0, 6.0], [-5.0, -2.0], [5.0, 5.0], [4.0, 6.0], [6.0, 5.0], [4.0, 7.0], [4.0, -1.0], [1.0, 6.0], [4.0, 8.0], [-5.0, -3.0], [5.0, -1.0], [-5.0, -4.0], [-6.0, -2.0], [1.0, 7.0], [5.0, -2.0], [-5.0, -5.0], [-7.0, -2.0], [6.0, 6.0], [1.0, 8.0], [0.0, 3.0], [6.0, -1.0], [5.0, -3.0], [0.0, 8.0], [-5.0, -6.0], [2.0, 8.0], [-3.0, -3.0], [7.0, 6.0], [-8.0, -2.0], [-8.0, -1.0], [4.0, 9.0], [4.0, 10.0], [6.0, -3.0], [5.0, -4.0], [-1.0, 8.0], [6.0, 4.0], [7.0, -3.0], [-1.0, 9.0], [4.0, 11.0], [-2.0, 8.0], [-5.0, -7.0], [4.0, 12.0], [-4.0, -6.0], [4.0, 13.0], [-8.0, 0.0], [3.0, 13.0], [7.0, 4.0], [-9.0, -1.0], [8.0, -3.0], [-7.0, 0.0], [-9.0, -2.0], [5.0, -5.0], [5.0, 11.0], [-9.0, 0.0], [3.0, 14.0], [-8.0, 1.0], [-9.0, -3.0], [7.0, -1.0], [3.0, 15.0], [8.0, 6.0], [3.0, 16.0], [3.0, 17.0], [3.0, 18.0], [7.0, 3.0], [-5.0, -8.0], [5.0, 13.0], [-10.0, -2.0], [-1.0, 10.0], [4.0, 16.0], [-10.0, -3.0], [-1.0, -3.0], [-9.0, 1.0], [-1.0, -4.0], [-5.0, -9.0], [-3.0, -6.0], [9.0, 6.0], [8.0, -4.0], [9.0, -3.0]]}