{"last_value": 1.7768917159516628, "every_1000th_value_average": 0, "all_average": 1.8194394537497536, "every_1000th_value": [], "all_values": [1.5, 1.0, 1.5849625007211563, 1.722706232293572, 1.9999999999999998, 2.2265655051187565, 2.418123910244335, 2.584059348440358, 2.730424777943941, 2.095903274289385, 2.182658338644138, 2.1583624920952493, 2.2278867046136734, 2.2922560713564755, 2.3521825181113623, 2.161905235418558, 2.209176829019481, 2.0, 2.0374119496030714, 2.0729044735300874, 2.032573113826056, 2.0636306392568606, 2.0933073650198732, 1.9508653554371702, 1.9759241552878613, 1.9351412543011226, 1.9575570620521145, 1.9791575664372734, 2.0000000000000004, 2.0201357726718165, 1.8618050533776442, 1.879018247091076, 1.8957017191586905, 1.9118871020214394, 1.927603276666791, 1.9428766827604922, 1.9577315862773628, 1.9721903114343589, 1.986273442491565, 1.8957090366709828, 1.8706796112540083, 1.841015676651689, 1.8526057900206376, 1.8639294402553468, 1.7744777882116152, 1.7847232675222844, 1.7947483967728743, 1.804562454911225, 1.8141741468456516, 1.8235916498402083, 1.832822655315407, 1.8418744065898134, 1.850753733026516, 1.859467080987754, 1.8680205419491682, 1.8704882958628626, 1.87871288202321, 1.8867944246278183, 1.85060005646473, 1.858228007043526, 1.8506399115472734, 1.7885272421314096, 1.795461120147402, 1.8022857986842553, 1.8090046639790567, 1.8156209471617277, 1.7504888426750975, 1.7566566282227414, 1.7627343698834101, 1.7687246589841936, 1.774629976575384, 1.7804526996003271, 1.7861951066397206, 1.7918593832651095, 1.7350689576719764, 1.740391816975106, 1.7456450944232964, 1.7508305857530502, 1.7559500180702123, 1.7610050533033175, 1.7659972914424291, 1.770928273579258, 1.775799484763021, 1.780612356685275, 1.7853682702058755, 1.790068557731204, 1.7873597814129556, 1.7919338099702875, 1.7964561534829924, 1.800927966960593, 1.750671167660351, 1.7549127559080877, 1.7591084882496297, 1.7632593455883323, 1.7673662776865802, 1.7714302044701822, 1.7754520172651775, 1.730725874451637, 1.7345581746940182, 1.7383519587043748, 1.74210799299405, 1.7458270214181362, 1.7495097660596568, 1.75315692807103, 1.7567691884752743, 1.7603472089292356, 1.7638916324509835, 1.7674030841133723, 1.7708821717056387, 1.7743294863647918, 1.7334453982856661, 1.736746513056313, 1.7400182841964016, 1.743261228784436, 1.7464758503506632, 1.7496626393462913, 1.7528220735925693, 1.755954618710756, 1.759060728533947, 1.7621408455016692, 1.7248930486678133, 1.727853296954861, 1.7307893796802696, 1.7337016881956344, 1.7000588079445083, 1.702864416223569, 1.705647845549137, 1.7084094438317579, 1.7111495508593864, 1.7138684985482828, 1.7165666111842983, 1.719244205654983, 1.721901591672937, 1.7245390719907943, 1.7271569426082172, 1.7297554929712493, 1.732335006164367, 1.734895759095549, 1.73227767626383, 1.7347942189519892, 1.7372928501525209, 1.7397738230345114, 1.7422373854370834, 1.7446837800179693, 1.7471132443969428, 1.7495260112943238, 1.7519223086647524, 1.7543023598264325, 1.727579682776274, 1.7298890121177815, 1.7321829969649953, 1.7344618398877183, 1.7367257394707154, 1.7389748904175615, 1.7412094836511245, 1.7434297064108235, 1.7456357423467732, 1.7478277716109443, 1.7500059709454439, 1.752170513768033, 1.7543215702549777, 1.7564593074213324, 1.758583889198759, 1.7606954765109601, 1.7627942273468233, 1.764880296831355, 1.7669538372944809, 1.7690149983377979, 1.7710639268993416, 1.7731007673164434, 1.7751256613867454, 1.7771387484274364, 1.779140165332771, 1.781130046629928, 1.783108524533274, 1.7850757289970751, 1.7870317877667206, 1.7889768264284984, 1.790910968457981, 1.7928343352670602, 1.772274895495927, 1.7741532508393802, 1.7760213137731415, 1.7637382622911564, 1.7655713779466893, 1.767394611529132, 1.769208069013223, 1.771011854678091, 1.7728060711432339, 1.7745908194035498, 1.7763661988634534, 1.778132307370094, 1.7798892412457177, 1.7816370953191882, 1.7833759629567008, 1.7851059360917083, 1.7868271052540878, 1.7885395595985665, 1.790243386932434, 1.7768917159516628]}