{"time": "2021_1_24_16_31_10", "last_fractal_value": 1.9750103273794037, "fractal_values": [1.5, 1.0, 1.5849625007211563, 1.722706232293572, 1.9999999999999998, 2.2265655051187565, 1.8715699480384025, 1.9999999999999996, 2.113283334294875, 2.0, 2.08278537031645, 2.1583624920952493, 2.0, 2.0577851347732374, 2.111581808213396, 1.957204336945808, 2.0, 2.0, 1.965755755385511, 1.8613531161467862, 1.8916681496081529, 1.9205726604783713, 1.9481920934663797, 1.9746358687061647, 1.8256079050332323, 1.8478522064196035, 1.8692568970174004, 1.794608775766909, 1.813507732987046, 1.83176592271205, 1.8494253741695739, 1.8208790046993824, 1.8370462686737676, 1.852730854964202, 1.867960750943239, 1.882761578199346, 1.827737375785371, 1.841236035438659, 1.854384040600227, 1.8671991488484114, 1.8796978021075106, 1.8918952534900906, 1.9038056792122688, 1.9154422776415616, 1.926817357212774, 1.9379424146803332, 1.9488282049543306, 1.9594848035836814, 1.9699216627962728, 1.9801476618772773, 1.9901711525584795, 2.0000000000000004, 2.0096416198682543, 2.019103011948044, 2.0283907906704277, 2.037511212889864, 2.046470203202795, 2.045412830571262, 2.0540240026117615, 2.0624904421997483, 2.070816934211477, 2.007910980199851, 2.01569537927173, 2.0233571842740132, 2.030900196805283, 2.0383280443312537, 2.0456441906599445, 2.0528519456408287, 2.059954474155937, 2.013739771982259, 2.020463132138495, 2.0270924561980688, 2.0336303383853274, 2.0400792670312398, 2.046441630259383, 2.052719721295346, 2.0589157434290737, 2.065031814657041, 2.071069972028719, 2.0770321757196513, 2.0829203128515346, 2.0112699509377623, 2.0168022589508774, 1.9742373557908517, 1.979510430583368, 1.9847218305720413, 1.9898729818121077, 1.9949652614633129, 2.0, 2.00497848329772, 2.0099019546045502, 2.014771616404685, 1.968482948553935, 1.9731278535996983, 1.9777236052888476, 1.957503078460126, 1.961947346660661, 1.96634603181992, 1.9707000595059834, 1.9750103273794037], "particles": [[0, 0], [-1, 0], [-1.0, 1.0], [-2.0, 1.0], [-1.0, -1.0], [0.0, -1.0], [-2.0, 2.0], [0.0, -2.0], [-2.0, -1.0], [-3.0, 1.0], [-1.0, -2.0], [-3.0, -1.0], [-3.0, 2.0], [0.0, -3.0], [-3.0, -2.0], [-4.0, 1.0], [0.0, -4.0], [-3.0, 3.0], [-4.0, -2.0], [-3.0, 4.0], [1, 0], [-4.0, 0.0], [-4.0, 3.0], [-4.0, -3.0], [-5.0, 3.0], [0.0, -5.0], [-4.0, -4.0], [-5.0, -4.0], [-4.0, 4.0], [2, 0], [-4.0, -5.0], [-6.0, 3.0], [-5.0, 0.0], [1.0, 1.0], [1.0, -3.0], [-6.0, 2.0], [-4.0, -6.0], [-1.0, 2.0], [-5.0, -1.0], [-1.0, 3.0], [2.0, -1.0], [-5.0, -5.0], [-1.0, 4.0], [-5.0, -2.0], [1.0, -4.0], [-5.0, -3.0], [-1.0, 5.0], [-6.0, -1.0], [1.0, 2.0], [0.0, 4.0], [-1.0, 6.0], [0.0, 6.0], [1.0, 6.0], [3, 0], [-5.0, 4.0], [2.0, 6.0], [-6.0, -4.0], [-7.0, 2.0], [2.0, 2.0], [-6.0, -2.0], [3.0, 1.0], [-5.0, -6.0], [0.0, -6.0], [-7.0, -1.0], [4, 0], [-6.0, 4.0], [-3.0, 5.0], [3.0, -1.0], [2.0, 7.0], [-8.0, 2.0], [0.0, -7.0], [-1.0, 7.0], [1.0, 4.0], [4.0, 1.0], [3.0, -2.0], [-5.0, 5.0], [5, 0], [2.0, 8.0], [0.0, 7.0], [2.0, -4.0], [-7.0, -4.0], [-8.0, -4.0], [4.0, -2.0], [-8.0, -5.0], [-8.0, 3.0], [-8.0, -1.0], [-9.0, 2.0], [-5.0, 6.0], [-9.0, 1.0], [-9.0, -1.0], [3.0, -4.0], [2.0, 3.0], [-8.0, -6.0], [-4.0, -7.0], [-6.0, -6.0], [-9.0, -5.0], [3.0, -5.0], [-6.0, 6.0], [5.0, -1.0], [-6.0, 7.0]]}