{"last_fractal_value": 1.9632610079642598, "fractal_values": [1.5, 1.0, 1.5849625007211563, 2.0, 1.9999999999999998, 2.2265655051187565, 2.418123910244335, 1.8061799739838869, 1.9084850188786497, 1.625423018583918, 1.692703641841094, 1.7541260385498842, 1.8106291662380674, 1.6397385131955606, 1.6826061944859854, 1.7227062322935722, 1.7603744277225881, 1.7958889470453636, 1.8074596285317477, 1.8389462918573833, 1.8688963952997206, 1.897452955912343, 1.8623218001857265, 1.8876000154466452, 1.7828573801673953, 1.804580783524721, 1.825484237380979, 1.8456273949108288, 1.8650636272817682, 1.8838408758904777, 1.8618050533776442, 1.879018247091076, 1.7613352557435715, 1.7763734261349131, 1.7909756455708727, 1.8051664796858848, 1.8189684744936678, 1.832402371880977, 1.8454872971050376, 1.8582409225489855, 1.8706796112540083, 1.8828185431530993, 1.8946718264494107, 1.9062525961888985, 1.8749986047744343, 1.8858244711450192, 1.8964175050406331, 1.9067875110439925, 1.9169436871800347, 1.9268946739393837, 1.9366485984470028, 1.893089195186345, 1.902215418384688, 1.9111710479435238, 1.8680205419491682, 1.8764198780808043, 1.8846705455639412, 1.8927777158800478, 1.900746295279892, 1.908580942616347, 1.9162860857032078, 1.923865936343832, 1.9313245041573333, 1.9386656093159564, 1.9458928942949354, 1.9530098347253066, 1.9600197494306257, 1.966925809720139, 1.9737310480035455, 1.9804383657859264, 1.9870505410955988, 1.9008208934766648, 1.906951518166541, 1.9129987304055338, 1.9189647695563206, 1.9248517859949732, 1.9306618457641873, 1.8761163396022649, 1.8816021077273315, 1.8870188706484652, 1.8734271109241936, 1.8786580564434092, 1.8838255950001899, 1.8889312453792977, 1.8939764724415806, 1.8989626896468728, 1.9038912614310581, 1.9087635054472887, 1.913580694680573, 1.9183440594442265, 1.9230547892660081, 1.9277140346711892, 1.9323229088692284, 1.93688248935025, 1.9413938193970464, 1.9458579095179094, 1.9502757388052239, 1.9546482562243823, 1.9589763818372685, 1.9632610079642598], "particles": [0, 