{"time": "2021_01_25_02_18_06_", "last_fractal_value": 1.8720276584051818, "fractal_values": [1.5, 1.0, 1.5849625007211563, 2.0, 2.321928094887362, 2.2265655051187565, 2.418123910244335, 1.9999999999999996, 1.713269364125579, 1.7954234350052463, 1.8697408319761173, 1.7194373997043946, 1.774823152388193, 1.8261023499178997, 1.8738421406894301, 1.9184997325450517, 1.9604490919316533, 2.0, 2.0374119496030714, 1.9999999999999998, 1.8916681496081529, 1.783772647454919, 1.8094247824228051, 1.8339850002884626, 1.8575424759098897, 1.880175887256437, 1.9019550008653874, 1.8898830604042727, 1.7691591198512817, 1.7215831894486382, 1.645265272462849, 1.6604764621593784, 1.6752195402099797, 1.6094655823006423, 1.6226957788694538, 1.6355532438349962, 1.6480584047901183, 1.6602300547162698, 1.6720855218636959, 1.6836408181204352, 1.6949107690581977, 1.7059091283052104, 1.7166486784594714, 1.7271413203995218, 1.737398152557609, 1.7474295414792835, 1.7572451847940869, 1.7668541675561917, 1.7762650127754243, 1.7102820369683616, 1.718939470143586, 1.7274287871510856, 1.7357563930086808, 1.7439283335312568, 1.7519503216981243, 1.7598277616445372, 1.7675657705297199, 1.7751691985030247, 1.782642646963322, 1.789990485283757, 1.7972168661541037, 1.8043257396755954, 1.811320866328023, 1.8182058289156664, 1.824984043587072, 1.8316587700135194, 1.8260748027008262, 1.8325089127062362, 1.8388490907372552, 1.787489064580282, 1.793457031704791, 1.799341528017034, 1.8051448562711785, 1.8108692252255045, 1.816516754689552, 1.8220894802369927, 1.8275893576104398, 1.8330182668420554, 1.8383780161116763, 1.8436703453622685, 1.8488969296908038, 1.854059382531089, 1.859159258643684, 1.8641980569267675, 1.8691772230606698, 1.8740981519977387, 1.8789621903082794, 1.8837706383924266, 1.888524752567045, 1.893225747036038, 1.897874795751789, 1.9024730341748817, 1.9070215609386916, 1.9115214394249598, 1.9159736992559968, 1.9203793377087546, 1.9247393210556298, 1.9290545858365016, 1.8679421401867102, 1.8720276584051818], "particles": [[0, 0], [-1, 0], [0.0, -1.0], [1.0, -1.0], [-2, 0], [-2.0, -1.0], [0.0, -2.0], [-2.0, -2.0], [-3.0, -2.0], [2.0, -1.0], [3.0, -1.0], [-3.0, -3.0], [2.0, 0.0], [3.0, -2.0], [3.0, 0.0], [-2.0, 1.0], [0.0, -3.0], [-2.0, -3.0], [0.0, 1.0], [4.0, -2.0], [-4.0, -3.0], [-4.0, -4.0], [3.0, -3.0], [-3.0, 1.0], [-4.0, 1.0], [-5.0, 1.0], [3.0, -4.0], [3.0, -5.0], [3.0, -6.0], [4.0, -6.0], [4.0, -7.0], [5.0, -6.0], [-2.0, -4.0], [4.0, -8.0], [-4.0, -5.0], [-1.0, 1.0], [2.0, -4.0], [6.0, -6.0], [-1.0, -4.0], [-5.0, -4.0], [4.0, 0.0], [1.0, 1.0], [-3.0, 2.0], [4.0, -4.0], [-4.0, -6.0], [-4.0, -7.0], [-3.0, -6.0], [4.0, 1.0], [-3.0, 3.0], [4.0, -9.0], [-3.0, -1.0], [-5.0, -6.0], [-6.0, -6.0], [6.0, -7.0], [0.0, -4.0], [-2.0, 3.0], [-2.0, -6.0], [-4.0, -2.0], [5.0, -4.0], [-6.0, 1.0], [0.0, -5.0], [-6.0, -7.0], [-1.0, 3.0], [5.0, -3.0], [4.0, 2.0], [6.0, -3.0], [6.0, -8.0], [-3.0, 4.0], [-4.0, -8.0], [4.0, -10.0], [0.0, 3.0], [5.0, -2.0], [5.0, 2.0], [5.0, 1.0], [1.0, 3.0], [-3.0, 5.0], [7.0, -3.0], [3.0, 2.0], [-5.0, -8.0], [-6.0, 0.0], [3.0, 3.0], [-1.0, -6.0], [8.0, -3.0], [9.0, -3.0], [6.0, 1.0], [-7.0, 1.0], [7.0, -6.0], [9.0, -2.0], [-7.0, 0.0], [-1.0, -7.0], [1.0, 4.0], [7.0, -7.0], [5.0, 3.0], [-7.0, 2.0], [6.0, 2.0], [7.0, 1.0], [-7.0, -7.0], [4.0, 3.0], [4.0, -11.0], [-6.0, -4.0]]}