{"time": "2021_01_25_02_40_51_", "last_fractal_value": 1.8921982917068274, "fractal_values": [1.5, 1.0, 1.5849625007211563, 1.722706232293572, 1.9999999999999998, 2.2265655051187565, 1.6901960800285134, 1.8061799739838869, 1.9084850188786497, 1.7954234350052463, 1.8697408319761173, 1.9375872997720684, 2.0, 2.0577851347732374, 2.111581808213396, 1.8510257052780732, 1.8914996971308318, 1.9296595916878565, 1.7488448463277835, 1.779310416908647, 1.8082892572795737, 1.7531063155800106, 1.7783174431777324, 1.8024554257360692, 1.8256079050332323, 1.8478522064196035, 1.8692568970174004, 1.8898830604042727, 1.813507732987046, 1.83176592271205, 1.8494253741695739, 1.8665241123894336, 1.8830966512356033, 1.8991744128158032, 1.9147860860794799, 1.9299579348874107, 1.827737375785371, 1.841236035438659, 1.854384040600227, 1.8671991488484114, 1.8796978021075106, 1.8918952534900906, 1.9038056792122688, 1.9154422776415616, 1.926817357212774, 1.9379424146803332, 1.9488282049543306, 1.9594848035836814, 1.9699216627962728, 1.9801476618772773, 1.9901711525584795, 2.0000000000000004, 2.0096416198682543, 2.019103011948044, 2.0283907906704277, 2.037511212889864, 2.046470203202795, 2.055273377064271, 1.983781346074312, 1.99195825389085, 2.0, 2.007910980199851, 2.01569537927173, 2.0233571842740132, 2.030900196805283, 2.0383280443312537, 2.014519663622914, 1.9732696393642724, 1.980096826249982, 1.986825776816462, 1.9934592780518683, 2.0, 2.006450502212929, 2.0128132397646317, 2.019090568860983, 2.0252847520781985, 2.0313979632588555, 2.0374322920920243, 2.043389748401642, 2.0492722661651532, 2.055081707282533, 2.060819865114053, 2.066488467803633, 2.0720891814031646, 2.0776236128119585, 2.0330078603390356, 2.010469812200672, 2.015614801156052, 2.020701653398809, 2.0257316681143696, 2.0307061014194563, 2.0356261682449692, 2.0195886321812875, 2.0243541280850628, 2.0290691945145443, 2.033734887613636, 1.9867717342662448, 1.96634603181992, 1.9440418372048103, 1.8921982917068274], "particles": [[0, 0], [1, 0], [1.0, -1.0], [1.0, -2.0], [1.0, 1.0], [0.0, -1.0], [1.0, -3.0], [2.0, -2.0], [0.0, 1.0], [3.0, -2.0], [1.0, 2.0], [0.0, 2.0], [2.0, 1.0], [0.0, -2.0], [2.0, -3.0], [4.0, -2.0], [1.0, 3.0], [0.0, -3.0], [5.0, -2.0], [-1, 0], [1.0, 4.0], [5.0, -3.0], [5.0, -1.0], [-1.0, -1.0], [3.0, 1.0], [-1.0, -3.0], [4.0, 1.0], [-2, 0], [5.0, -4.0], [-2.0, -3.0], [2.0, -4.0], [1.0, -4.0], [-2.0, -4.0], [4.0, -4.0], [4.0, -5.0], [-2.0, -5.0], [4.0, -6.0], [6.0, -1.0], [2.0, 4.0], [-3.0, -4.0], [4.0, 2.0], [-2.0, 1.0], [-3, 0], [2.0, 5.0], [-1.0, -5.0], [1.0, -5.0], [-2.0, 2.0], [1.0, -6.0], [-1.0, -6.0], [-4, 0], [5.0, 2.0], [2.0, 6.0], [-3.0, -3.0], [-2.0, -6.0], [-5, 0], [-6, 0], [-4.0, -4.0], [3.0, 6.0], [5.0, -6.0], [-1.0, 2.0], [3.0, 7.0], [-3.0, 2.0], [1.0, -7.0], [4.0, 6.0], [-3.0, 3.0], [-7, 0], [4.0, 7.0], [6.0, -6.0], [5.0, 6.0], [7.0, -1.0], [6.0, 2.0], [6.0, -4.0], [-4.0, 2.0], [-1.0, -7.0], [-3.0, -6.0], [-4.0, -6.0], [-8, 0], [-5.0, 2.0], [7.0, -4.0], [-6.0, -1.0], [3.0, 4.0], [-4.0, 3.0], [0.0, 4.0], [-8.0, -1.0], [1.0, -8.0], [8.0, -4.0], [7.0, -6.0], [3.0, 8.0], [4.0, 4.0], [8.0, -1.0], [7.0, 2.0], [5.0, 7.0], [5.0, 8.0], [5.0, 4.0], [5.0, 5.0], [-6.0, -2.0], [8.0, -6.0], [5.0, 9.0], [8.0, -7.0], [9.0, -7.0]]}