{"last_value": 1.7894949593073974, "every_1000th_value_average": 0, "all_average": 1.8175933680434668, "every_1000th_value": [], "all_values": [1.5, 1.0, 1.5849625007211563, 2.0, 2.321928094887362, 2.584962500721156, 1.7712437491614221, 1.892789260714372, 1.9084850188786497, 2.0, 1.7297158093186489, 1.7924812503605783, 1.850219859070546, 1.9036774610288019, 1.9534452978042594, 1.957204336945808, 2.0, 1.7958889470453636, 1.8074596285317477, 1.8389462918573833, 1.8688963952997206, 1.897452955912343, 1.924739908310523, 1.9508653554371702, 1.9759241552878613, 2.0000000000000004, 2.023167102350973, 2.045491575396182, 2.067032569901262, 2.087843218867648, 1.9020023648061752, 1.9195872000656016, 1.8957017191586905, 1.9118871020214394, 1.927603276666791, 1.9428766827604922, 1.9577315862773628, 1.9721903114343589, 1.986273442491565, 1.8859191006777896, 1.8706796112540083, 1.7907632314032107, 1.8020369805255734, 1.8130515399031815, 1.823818560018505, 1.814733691227755, 1.824927394722872, 1.7427435949434078, 1.7520260193392514, 1.7611209071218588, 1.770035686226903, 1.7787773518387306, 1.709714793509791, 1.7177641301905635, 1.7256657642548232, 1.7334250187594387, 1.7410469340907568, 1.7485362876312112, 1.755897611744761, 1.76313521025073, 1.7702531735359766, 1.7772553924382601, 1.7841455710187921, 1.7909272383289447, 1.7976037592646963, 1.8041783445923916, 1.8106540602206005, 1.8170338357850906, 1.8233204726070908, 1.8295166510789589, 1.835624937525984, 1.8416477905882986, 1.8475875671626114, 1.7828440020175482, 1.7884041296573232, 1.7938906110546242, 1.7993053716847638, 1.8046502624843068, 1.8099270636494886, 1.8151374881957145, 1.820283185295961, 1.8253657434143442, 1.8303866932497697, 1.8205589889265628, 1.8254215976117034, 1.8302273323762908, 1.834977508268726, 1.839673395248038, 1.7964561534829924, 1.800927966960593, 1.805350367123419, 1.8097244340765357, 1.814051212893187, 1.8183317151135545, 1.822566920164216, 1.826757776703279, 1.830905203895817, 1.8350100926238933, 1.8390733066351606, 1.787273280209906, 1.7911350181576644, 1.7949587088075514, 1.7987450945637085, 1.8024948963106358, 1.8062088142369443, 1.8098875286200637, 1.8135317005741074, 1.8171419727629532, 1.8207189700804598, 1.7743294863647918, 1.7777456031784258, 1.7811310817605077, 1.7762085125669909, 1.7683644789925452, 1.7716253916413531, 1.774858070925939, 1.7780630015482566, 1.7812406558345883, 1.7843914941533014, 1.7875159653151251, 1.7906145069568178, 1.7936875459090447, 1.7967354985492399, 1.7997587711401835, 1.8027577601549758, 1.8057328525890706, 1.8086844262599706, 1.81161285009517, 1.8145184844088942, 1.8174016811681521, 1.8202627842485979, 1.8231021296806604, 1.8259200458863862, 1.8287168539074112, 1.8314928676244586, 1.7913716570759248, 1.7940430559192764, 1.7966950262355053, 1.7993278485846422, 1.8019417974930663, 1.8045371416252818, 1.7861809720328745, 1.7887102480965955, 1.7912218983999901, 1.7937161669011596, 1.796193292528062, 1.7986535093158549, 1.801097046539586, 1.8035241288424129, 1.8059349763595351, 1.8083298048380112, 1.810708825752617, 1.8130722464179088, 1.8103815724299241, 1.812707923681004, 1.8016533397106549, 1.7813863279848299, 1.7836232499651778, 1.7722475278179626, 1.7744395807194264, 1.7766179758817726, 1.7787828824427196, 1.780934466417406, 1.7830728907747804, 1.785198315511677, 1.7873108977246512, 1.789410791679653, 1.771825329388436, 1.7738775129633981, 1.7759175891901875, 1.7779457000917123, 1.779961985206486, 1.769964271961252, 1.7719438904702598, 1.773912164398319, 1.775869223029458, 1.7778151934502209, 1.779750200599186, 1.781674367315102, 1.7835878143836807, 1.7854906605830945, 1.7873830227282195, 1.7892650157136696, 1.7911367525556519, 1.7929983444326942, 1.7948499007252727, 1.7966915290543726, 1.7985233353190286, 1.800345423732863, 1.7721707626988061, 1.7739437210265148, 1.7757074210440063, 1.7774619589421692, 1.7792074294205467, 1.7809439257180077, 1.7826715396426334, 1.784390361600843, 1.7861004806257808, 1.787801984404991, 1.7894949593073974]}