{"time": "2021_01_25_02_41_23_", "last_fractal_value": 1.5899048396237483, "fractal_values": [1.5, 1.0, 1.5849625007211563, 2.0, 2.321928094887362, 1.6309297535714573, 1.403677461028802, 1.5, 1.5849625007211563, 1.625423018583918, 1.692703641841094, 1.7541260385498842, 1.8106291662380674, 1.6397385131955606, 1.6826061944859854, 1.7227062322935722, 1.5812464746045694, 1.6009069316004394, 1.630853456322561, 1.6592635701099383, 1.686287260678248, 1.7120535709407967, 1.7366743259101514, 1.7602470658330207, 1.6541749506938324, 1.674330410169863, 1.6849782638962885, 1.5964999386645369, 1.6133126192053855, 1.6295552672798317, 1.645265272462849, 1.6604764621593784, 1.5913291693220688, 1.5314789170422551, 1.5440680443502754, 1.556302500767287, 1.5682017240669948, 1.5763775383339584, 1.5876342265649472, 1.5885309975936412, 1.5991643026390614, 1.6095413583617033, 1.6034624632895007, 1.6132632790899162, 1.6228438330868542, 1.632213808313817, 1.641382262992878, 1.6503576831605373, 1.65914802986701, 1.6677607816068873, 1.6286537481390486, 1.6366971715425789, 1.644587377526309, 1.6390162564502944, 1.6465556540056538, 1.6539591991417308, 1.6612317011772302, 1.668377718483894, 1.675401575647432, 1.6823073791861445, 1.6890990319703025, 1.695780246469055, 1.7023545569374456, 1.7088253306436962, 1.677561021323719, 1.6315495218043436, 1.6374056228756222, 1.6431749636964237, 1.6488600775497382, 1.6544633883604964, 1.6136723457603828, 1.6189669520988292, 1.6241885270524152, 1.6293390579629579, 1.6344204521401786, 1.6394345411021367, 1.63969242359061, 1.644563179320486, 1.649371885517612, 1.6129005612755174, 1.6174729409410329, 1.62198921637205, 1.626450747721801, 1.630858846273358, 1.6352147767531515, 1.6020867914497114, 1.5724550734831955, 1.5764791398664884, 1.5804577356000036, 1.5843918768197223, 1.5882825459761643, 1.5921306933070538, 1.5648502833113636, 1.5685427618172896, 1.5721961657434331, 1.575811313428272, 1.579388997768785, 1.5829299872642508, 1.5864350270070624, 1.5899048396237483], "particles": [[0, 0], [0.0, -1.0], [0.0, 1.0], [0.0, -2.0], [0.0, 2.0], [0.0, -3.0], [0.0, -4.0], [0.0, 3.0], [1.0, 3.0], [-1.0, -4.0], [-1.0, -3.0], [-1.0, 1.0], [-1.0, 2.0], [0.0, -5.0], [-2.0, -3.0], [-3.0, -3.0], [0.0, -6.0], [-1.0, -6.0], [-4.0, -3.0], [-5.0, -3.0], [2.0, 3.0], [2.0, 2.0], [-5.0, -2.0], [3.0, 3.0], [0.0, -7.0], [-5.0, -1.0], [1.0, -7.0], [1.0, -8.0], [1.0, 0.0], [0.0, -8.0], [-1.0, -8.0], [3.0, 4.0], [0.0, -9.0], [0.0, -10.0], [-5.0, -4.0], [2.0, 1.0], [-5.0, 0.0], [1.0, -10.0], [0.0, 4.0], [2.0, -10.0], [-6.0, 0.0], [1.0, -2.0], [3.0, -10.0], [-2.0, -6.0], [-1.0, -10.0], [-6.0, 1.0], [1.0, -3.0], [2.0, -7.0], [3.0, 5.0], [-6.0, -3.0], [2.0, -11.0], [4.0, 5.0], [3.0, -9.0], [3.0, -11.0], [1.0, -11.0], [4.0, 3.0], [-2.0, -10.0], [-5.0, -5.0], [3.0, 1.0], [1.0, -4.0], [5.0, 5.0], [-1.0, -11.0], [5.0, 6.0], [-2.0, -11.0], [1.0, -12.0], [1.0, -13.0], [-1.0, -12.0], [3.0, -7.0], [-5.0, 1.0], [-3.0, -11.0], [1.0, -14.0], [6.0, 5.0], [6.0, 6.0], [-1.0, -13.0], [7.0, 5.0], [-6.0, 2.0], [2.0, -14.0], [7.0, 6.0], [-1.0, -14.0], [2.0, -15.0], [4.0, -11.0], [-3.0, -6.0], [-2.0, -14.0], [-2.0, -15.0], [-7.0, 0.0], [2.0, -16.0], [2.0, -17.0], [5.0, -11.0], [6.0, 7.0], [8.0, 5.0], [8.0, 4.0], [-3.0, -14.0], [2.0, -18.0], [3.0, 6.0], [1.0, -17.0], [9.0, 4.0], [1.0, -18.0], [-7.0, 2.0], [10.0, 4.0], [1.0, 4.0]]}
