{"last_value": 1.7051171313258549, "every_1000th_value_average": 0, "all_average": 1.7642584666877221, "every_1000th_value": [], "all_values": [1.5, 1.0, 1.5849625007211563, 2.0, 1.9999999999999998, 2.2265655051187565, 2.418123910244335, 1.892789260714372, 1.9084850188786497, 2.0, 2.08278537031645, 2.1583624920952493, 2.2278867046136734, 1.9036774610288019, 1.911645804424446, 1.957204336945808, 2.0, 2.040348824390412, 2.078515538085802, 1.9999999999999998, 2.032573113826056, 1.897452955912343, 1.924739908310523, 1.9508653554371702, 1.9759241552878613, 1.818378300199619, 1.825484237380979, 1.8456273949108288, 1.8650636272817682, 1.8838408758904777, 1.9020023648061752, 1.9195872000656016, 1.9366308767213358, 1.852730854964202, 1.8176519189974976, 1.8320541231397574, 1.8460616962803533, 1.8596956892528678, 1.854384040600227, 1.7673872669730335, 1.7792177996926244, 1.7010867513664398, 1.7117959422488396, 1.7222589228935263, 1.7324867603589633, 1.7424897918858642, 1.752277687689868, 1.7569537761277536, 1.7663118886126987, 1.775480935327014, 1.7844684047731212, 1.7932813491734965, 1.7205582818753866, 1.6606855005089858, 1.6683245755660416, 1.6758260021147169, 1.6831946530571622, 1.6904351470308245, 1.6975518657962603, 1.704548970163572, 1.711430414602427, 1.7181999606640985, 1.7248611893296066, 1.731417512385437, 1.7378721829173085, 1.7442283050027962, 1.7504888426750975, 1.7566566282227414, 1.7627343698834101, 1.7687246589841936, 1.7130431715513241, 1.7186638226444393, 1.7242069450400639, 1.7296746484616101, 1.7350689576719764, 1.740391816975106, 1.7456450944232964, 1.7508305857530502, 1.7559500180702123, 1.7064636349672209, 1.711301254726182, 1.7160795156887994, 1.7207998569097087, 1.7254636657384654, 1.730072280267271, 1.734626991635542, 1.7332254683289718, 1.7376609618825778, 1.7420463357923317, 1.7463827100856302, 1.750671167660351, 1.7549127559080877, 1.7591084882496297, 1.7632593455883323, 1.7673662776865802, 1.7714302044701822, 1.7754520172651775, 1.779432579971212, 1.7833727301753486, 1.787273280209906, 1.7911350181576644, 1.7949587088075514, 1.7987450945637085, 1.8024948963106358, 1.8062088142369443, 1.8098875286200637, 1.8135317005741074, 1.8171419727629532, 1.8207189700804598, 1.7794053029695418, 1.7828311922536104, 1.7409716464993064, 1.744251377160003, 1.7475022111397995, 1.750724653193924, 1.7539191949667479, 1.757086315441957, 1.7206607623404604, 1.723704440826986, 1.7267226489021297, 1.7297158093186489, 1.7314669942298937, 1.7344092175889791, 1.7373276170157452, 1.740222575230187, 1.743094465803418, 1.7459436534469723, 1.7487704942907571, 1.7515753361501933, 1.754358518783039, 1.7571203741363755, 1.759861226584198, 1.7625813931560448, 1.7652811837570592, 1.7302919920441098, 1.732895259166603, 1.735479454563857, 1.7380448556464805, 1.7405917338160808, 1.743120354637572, 1.7456309780053458, 1.7481238583035716, 1.7474274011960733, 1.7157954859223057, 1.718184723480649, 1.7205575400325783, 1.722914159758284, 1.6939997339885058, 1.696282496476655, 1.694642004686167, 1.6968892489041316, 1.699121659718858, 1.6729884242480844, 1.6751550320278519, 1.672587740617972, 1.674720463535106, 1.6768395587367328, 1.6789451992749638, 1.6810375549264314, 1.683116792274435, 1.6851830747885275, 1.6872365629016353, 1.6892774140848097, 1.6695563107352631, 1.6715464235909057, 1.6735245115220643, 1.6754907189735864, 1.6774451878032164, 1.6751555590775142, 1.6770820985410757, 1.6789973385879713, 1.6809014109909501, 1.682794445231037, 1.6846765685503644, 1.686547906003499, 1.6884085805072973, 1.6902587128893565, 1.6920984219350952, 1.693927824433516, 1.6957470352216977, 1.6975561672280484, 1.6993553315143723, 1.7011446373167824, 1.7029241920854965, 1.704694101523557, 1.706454469624508, 1.708205398709057, 1.7099469894607657, 1.7116793409607896, 1.713402550721702, 1.7151167147204316, 1.6958269795123713, 1.6975025892828886, 1.6991695395327415, 1.7008279193064355, 1.7024778162820529, 1.7041193167990671, 1.7018827082715506, 1.7035039831613497, 1.7051171313258549]}