{"last_value": 1.9375545643812728, "every_1000th_value_average": 0, "all_average": 1.9604742642264228, "every_1000th_value": [], "all_values": [1.5, 1.0, 1.5849625007211563, 2.0, 1.9999999999999998, 2.2265655051187565, 2.418123910244335, 2.584059348440358, 1.9084850188786497, 2.0, 1.8697408319761173, 1.9375872997720684, 2.0, 2.0577851347732374, 2.111581808213396, 2.161905235418558, 2.0, 2.040348824390412, 2.078515538085802, 1.9999999999999998, 1.8916681496081529, 1.9205726604783713, 1.924739908310523, 1.9508653554371702, 1.9759241552878613, 2.0000000000000004, 2.023167102350973, 1.859738746970775, 1.8793235854571533, 1.8982444017039273, 1.916544750264171, 1.934264036172708, 1.951438025871231, 1.968099281839111, 1.984277534205619, 2.0, 2.01529165865099, 2.0301754907390386, 2.0446726857305357, 2.058802823407552, 2.0725840328915517, 2.086033132501692, 2.0832376734586515, 1.944688780083388, 1.9562375434540753, 1.841187318685671, 1.8515296172258793, 1.8616541669070523, 1.871569948038403, 1.881285396591575, 1.890808447323832, 1.9001465727136977, 1.9093068181877333, 1.9182958340544898, 1.9271199045082201, 1.9357849740192017, 1.9442966713882475, 1.9526603317091908, 1.9608810164539474, 1.961650559711707, 1.9695699504545905, 1.9773605648947246, 1.985026524141884, 1.9925717545912538, 2.0, 1.9067940461077975, 1.9136380790390017, 1.9203807151527403, 1.9270249151001355, 1.9335735117254034, 1.9400292173179345, 1.946394630357186, 1.947235210780429, 1.9376110546225367, 1.9436538518430164, 1.9496166096582606, 1.9555014206923276, 1.9613102965598883, 1.96704517199438, 1.9727079087165043, 1.978300299062431, 1.98382406938939, 1.9892808832748539, 1.9946723445241332, 2.0, 2.0052653422868176, 2.010469812200672, 1.9900116416033176, 1.9950338785785553, 1.9672541900351388, 1.9720850246992339, 1.976863062299225, 1.9815894444269775, 1.9862652760443211, 1.9908916270336021, 1.9954695336670485, 1.9247393210556298, 1.9290545858365016, 1.933326040066196, 1.9375545643812728]}