{"last_value": 1.7985870076516832, "every_1000th_value_average": 0, "all_average": 1.8238245053141966, "every_1000th_value": [], "all_values": [1.5, 1.0, 1.5849625007211563, 2.0, 1.9999999999999998, 1.6309297535714573, 1.6901960800285134, 1.8061799739838869, 1.9084850188786497, 1.7954234350052463, 1.6008742129373426, 1.6589644353232058, 1.7124022597777775, 1.761877957461405, 1.8079387300451324, 1.8510257052780732, 1.8914996971308318, 1.7167317062889453, 1.7488448463277835, 1.779310416908647, 1.8082892572795737, 1.835919746540792, 1.8623218001857265, 1.7602470658330207, 1.7828573801673953, 1.804580783524721, 1.825484237380979, 1.8456273949108288, 1.8650636272817682, 1.8838408758904777, 1.9020023648061752, 1.9195872000656016, 1.9366308767213358, 1.953165710174706, 1.9692212049682858, 1.9848243716135598, 1.8556447297411072, 1.869349497710537, 1.8826982571154205, 1.8859191006777896, 1.8985430615062966, 1.9108628007029342, 1.9228926366101076, 1.9346458999180174, 1.9175731017544213, 1.9286447847426433, 1.873152876455048, 1.8833956666225184, 1.864618707601571, 1.8742980717866888, 1.8837857527400061, 1.893089195186345, 1.902215418384688, 1.9111710479435238, 1.874045377268988, 1.8824718033687764, 1.8907490813263423, 1.8479872528410597, 1.8557672647413568, 1.7781512503836434, 1.785329835010767, 1.7923916894982537, 1.7993405494535815, 1.8061799739838869, 1.8129133566428552, 1.8156209471617277, 1.8221377335856856, 1.828557971467266, 1.8348844798944586, 1.8411199562594172, 1.8472669831637827, 1.783508298936316, 1.7892605610508487, 1.7949345586645566, 1.8005323929338053, 1.8060560815203228, 1.811507562957249, 1.8168887007334826, 1.8222012871178594, 1.8274470467427908, 1.811385715109893, 1.7913562323506447, 1.7962836337837325, 1.8011520230020095, 1.8059627967937844, 1.810717302934973, 1.8154168424557002, 1.8200626717773656, 1.8246560047289688, 1.8291980144507827, 1.8336898351928417, 1.8381325640151496, 1.8425272623959756, 1.846874957754143, 1.8511766448907676, 1.814692184971608, 1.8188122187330735, 1.8068218530400544, 1.791505098050848, 1.7954234350052463, 1.7993027828856332, 1.8031439099684545, 1.8048718402942563, 1.8086344143244342, 1.8123609823093128, 1.8160522268434296, 1.8197088112927335, 1.8233313805100946, 1.8269205615178354, 1.8304769641591037, 1.8340011817197581, 1.7879486051115807, 1.7913168333487983, 1.7946553851806524, 1.7979647789822748, 1.8012455196641668, 1.80449809913452, 1.8077229967418598, 1.8109206796990145, 1.8140916034893422, 1.8172362122561043, 1.8203549391758092, 1.8234482068163231, 1.82651642748048, 1.8295600035358872, 1.8325793277315985, 1.835574783502264, 1.8385467452603548, 1.8414955786770164, 1.8444216409520773, 1.8473252810737135, 1.8502068400682383, 1.853066651240466, 1.8559050404050734, 1.8587223261093602, 1.8201210883676424, 1.8228353600549383, 1.825529891409851, 1.828204967495074, 1.8308608672428146, 1.8334978636293309, 1.8361162238432998, 1.838716209448281, 1.8412980765395173, 1.8438620758953084, 1.8464084531231861, 1.8489374488010972, 1.851449298613802, 1.8539442334846798, 1.856422479703126, 1.8588842590477168, 1.8613297889053093, 1.847138049122968, 1.8466200232406886, 1.812707923681004, 1.8150193143704254, 1.8173159356894386, 1.819597975187507, 1.8218656168642136, 1.8241190412582888, 1.8263584255338636, 1.8285839435640507, 1.8307957660119585, 1.8329940604092214, 1.835178991232148, 1.8373507199755674, 1.8395094052244554, 1.8416552027234265, 1.8437882654441615, 1.8459087436508457, 1.848016784963689, 1.8501125344205944, 1.8521961345370386, 1.8492132988903855, 1.8512674036186454, 1.8533098039829425, 1.8258407197210949, 1.827827998746805, 1.8298041444982838, 1.8284503687956877, 1.8304010772536738, 1.8323410379521297, 1.8342703686756108, 1.8361891852830192, 1.838097601749355, 1.8260396519414517, 1.7976062126447683, 1.7994389514696907, 1.8012619674964991, 1.8030753633411951, 1.8048792400037657, 1.784729417799833, 1.7864928701368485, 1.7882472089844215, 1.7899925280551485, 1.7917289196235677, 1.7934564745554342, 1.7951752823362517, 1.796885431099086, 1.7985870076516832]}