{"time": "2021_01_25_02_21_01_", "last_fractal_value": 1.7933609515380686, "fractal_values": [1.5, 1.0, 1.5849625007211563, 1.722706232293572, 1.9999999999999998, 2.2265655051187565, 2.418123910244335, 2.584059348440358, 2.730424777943941, 2.095903274289385, 2.182658338644138, 2.2618595071429146, 2.3347175194727927, 2.402173502732879, 2.464973520717927, 2.5237190142858297, 2.04373142062517, 2.084962500721156, 2.1239637567217926, 1.9999999999999998, 1.8916681496081529, 1.9205726604783713, 1.7783174431777324, 1.8024554257360692, 1.8256079050332323, 1.8478522064196035, 1.8692568970174004, 1.859738746970775, 1.8793235854571533, 1.8982444017039273, 1.916544750264171, 1.934264036172708, 1.951438025871231, 1.968099281839111, 1.984277534205619, 2.0, 1.8556447297411072, 1.869349497710537, 1.8826982571154205, 1.8957090366709828, 1.9083985293499532, 1.920782221161602, 1.9328745047758362, 1.944688780083388, 1.9562375434540753, 1.9675324671839534, 1.939478348465026, 1.950083820131212, 1.9604706066203132, 1.970647544617522, 1.9806229457856759, 1.9904046375503646, 2.0, 1.9648023805301342, 1.9738403789064383, 1.9079721958072102, 1.9163615996600285, 1.9246050934166743, 1.9327076658273519, 1.908580942616347, 1.9162860857032078, 1.923865936343832, 1.9313245041573333, 1.8722527802667, 1.8553617044826058, 1.8621475346618046, 1.8688313184065677, 1.8170338357850906, 1.8233204726070908, 1.8295166510789589, 1.835624937525984, 1.8416477905882986, 1.8475875671626114, 1.8534465279397048, 1.8592268425702505, 1.8649305944884922, 1.8705597854206204, 1.8761163396022649, 1.8816021077273315, 1.8870188706484652, 1.8923683428476525, 1.8976521756938856, 1.9028719605033795, 1.9080292314165272, 1.8402496184817252, 1.7827328727415863, 1.7873597814129556, 1.7919338099702875, 1.7964561534829924, 1.800927966960593, 1.805350367123419, 1.8097244340765357, 1.814051212893187, 1.8183317151135545, 1.8105290087110422, 1.814692184971608, 1.8188122187330735, 1.8228899949932964, 1.7894471157531602, 1.7933609515380686], "particles": [[0, 0], [0.0, -1.0], [-1.0, -1.0], [-2.0, -1.0], [-1, 0], [0.0, 1.0], [0.0, -2.0], [1.0, -2.0], [-2.0, 0.0], [-3.0, 0.0], [0.0, -3.0], [-2.0, -2.0], [2.0, -2.0], [-1.0, 1.0], [-1.0, 2.0], [-2.0, 2.0], [0.0, -4.0], [-2.0, -3.0], [-4.0, 0.0], [-2.0, -4.0], [0.0, -5.0], [-3.0, -4.0], [-3.0, -5.0], [-2.0, 3.0], [-3.0, -3.0], [-4.0, -1.0], [1.0, -5.0], [0.0, -6.0], [3.0, -2.0], [0.0, 2.0], [-4.0, 1.0], [1.0, 2.0], [0.0, 3.0], [1.0, 3.0], [1.0, 4.0], [4.0, -2.0], [0.0, -7.0], [-2.0, 4.0], [1.0, 1.0], [1.0, -4.0], [2.0, -5.0], [-3.0, 4.0], [1.0, 5.0], [1.0, 6.0], [0.0, 6.0], [2.0, -6.0], [2.0, -7.0], [-5.0, -1.0], [3.0, -6.0], [-5.0, 0.0], [-5.0, -2.0], [2.0, 6.0], [2.0, 5.0], [3.0, -7.0], [1, 0], [2.0, -8.0], [-3.0, 5.0], [5.0, -2.0], [2.0, 1.0], [3.0, -8.0], [-4.0, 4.0], [-3.0, -6.0], [-4.0, -5.0], [2.0, -9.0], [3.0, -9.0], [6.0, -2.0], [2.0, 2.0], [2.0, -10.0], [-5.0, 1.0], [6.0, -3.0], [-5.0, 4.0], [1.0, -10.0], [-6.0, -1.0], [-4.0, -6.0], [-4.0, -7.0], [0.0, -10.0], [-6.0, -2.0], [6.0, -1.0], [2.0, 3.0], [4.0, -9.0], [-1.0, -10.0], [4.0, -7.0], [7.0, -1.0], [4.0, -6.0], [2.0, -11.0], [2.0, -12.0], [-1.0, -11.0], [-6.0, 4.0], [-7.0, -2.0], [-1.0, 6.0], [1.0, -12.0], [8.0, -1.0], [0.0, 7.0], [8.0, 0.0], [3.0, -12.0], [-2.0, -10.0], [4.0, -8.0], [3.0, -3.0], [1.0, -13.0], [5.0, -8.0]]}