{"last_value": 1.812493919940425, "every_1000th_value_average": 0, "all_average": 1.810854100985266, "every_1000th_value": [], "all_values": [1.5, 1.0, 1.5849625007211563, 2.0, 2.321928094887362, 2.584962500721156, 2.418123910244335, 2.584059348440358, 1.9084850188786497, 1.625423018583918, 1.692703641841094, 1.5253732483304439, 1.5745078928932739, 1.4728859397362333, 1.5113915944693856, 1.5474112289381663, 1.5812464746045694, 1.6009069316004394, 1.630853456322561, 1.5395018495629604, 1.5645750340535798, 1.5884815929753662, 1.5078539853523378, 1.5226444624661764, 1.542202779354813, 1.5609939027544693, 1.562190234638651, 1.5794280958831095, 1.596060993492574, 1.6121299541602339, 1.6276719676433553, 1.6427204996205023, 1.629898899839314, 1.6438148748341461, 1.6573274308999335, 1.670459300506493, 1.6832313472133513, 1.69566276508268, 1.7077712521850814, 1.719573162135086, 1.7310836369124736, 1.7423167236760724, 1.753285477830707, 1.7035726711116017, 1.7136895380699197, 1.7235840382005192, 1.7332657367986455, 1.7427435949434078, 1.7520260193392514, 1.7611209071218588, 1.770035686226903, 1.756182597959271, 1.764648820473654, 1.772956786535152, 1.7811123042181256, 1.789120867612033, 1.7969876790534607, 1.8047176694246276, 1.8123155167167093, 1.76313521025073, 1.7702531735359766, 1.7772553924382601, 1.7841455710187921, 1.7909272383289447, 1.7976037592646963, 1.8041783445923916, 1.8106540602206005, 1.7988466475315676, 1.805070359687493, 1.811204518915635, 1.8172516658542313, 1.8232142345342133, 1.8051448562711785, 1.8108692252255045, 1.816516754689552, 1.8220894802369927, 1.8275893576104398, 1.8330182668420554, 1.8383780161116763, 1.8436703453622685, 1.8488969296908038, 1.854059382531089, 1.859159258643684, 1.8641980569267675, 1.8691772230606698, 1.8740981519977387, 1.8789621903082794, 1.8837706383924266, 1.888524752567045, 1.893225747036038, 1.897874795751789, 1.9024730341748817, 1.9070215609386916, 1.9115214394249598, 1.9159736992559968, 1.9203793377087546, 1.8949518309716913, 1.8992003122118188, 1.9034056609179655, 1.9075687440978575, 1.911690402877524, 1.9157714535213106, 1.919812688402131, 1.9238148769248407, 1.9277787664054349, 1.931705082908571, 1.9355945320457701, 1.906151087762684, 1.9099032972377212, 1.9136212394810443, 1.8823264333259078, 1.8859110721027483, 1.8539261314454576, 1.8573813708352915, 1.8608064330765708, 1.8642018407272014, 1.867568102888328, 1.8515096757029517, 1.8547848129588658, 1.8580325428872289, 1.8612533203893429, 1.813413849107788, 1.8164953219884807, 1.819551843397992, 1.8225838141696853, 1.8255916255550453, 1.8285756595266696, 1.8315362890693787, 1.834473878459999, 1.8373887835363407, 1.8402813519558732, 1.8431519234445624, 1.837437520270557, 1.8402519698990623, 1.8430454940580088, 1.845818401614653, 1.848570994647837, 1.8513035686454749, 1.8540164126949068, 1.856709809666435, 1.8593840363903218, 1.8503676795179445, 1.8529878455336877, 1.8555897524045035, 1.8581736528551678, 1.8607397943995538, 1.8632884194829118, 1.8658197656193254, 1.8683340655245413, 1.856422479703126, 1.8588842590477168, 1.8613297889053093, 1.863759282386236, 1.8661729484357465, 1.8685709919418445, 1.851350598971449, 1.853693191813796, 1.856020910950543, 1.858333944064397, 1.8606324753079364, 1.848735260312481, 1.8509880457445986, 1.853226967793978, 1.8554521960448782, 1.8576638969887973, 1.8584794942211451, 1.8606630034586136, 1.8628334767423653, 1.864991068803192, 1.8671359316332552, 1.8692682145503363, 1.8713880642602139, 1.873495624917234, 1.8755910381831309, 1.8776744432841679, 1.8533098039829425, 1.8553406326117017, 1.857360019891716, 1.85936809401838, 1.861364981044526, 1.8633508049279024, 1.8603307066207053, 1.8622895085652003, 1.832902051080867, 1.8348070511121812, 1.8367017815516724, 1.8167035390612858, 1.8185557484528594, 1.8203981317537024, 1.8222307926699834, 1.8240538332746887, 1.8258673540417345, 1.827671453879196, 1.807482349174183, 1.8092464416319631, 1.8110015105594606, 1.8073237168846688, 1.8090558147142561, 1.8107791865731901, 1.812493919940425]}