{"last_value": 1.7051171313258549, "every_1000th_value_average": 0, "all_average": 1.825766146216506, "every_1000th_value": [], "all_values": [1.5, 1.0, 1.5849625007211563, 2.0, 2.321928094887362, 2.584962500721156, 2.807354922057604, 2.584059348440358, 2.730424777943941, 2.8613531161467862, 2.182658338644138, 2.2618595071429146, 2.3347175194727927, 2.402173502732879, 2.464973520717927, 2.408239965311849, 2.209176829019481, 2.253745672980218, 2.295904182748056, 1.9999999999999998, 2.032573113826056, 1.835919746540792, 1.8623218001857265, 1.8876000154466452, 1.9118461741338186, 1.9351412543011226, 1.9575570620521145, 1.9791575664372734, 2.0000000000000004, 2.0201357726718165, 2.0396112357606193, 2.0584683246043447, 2.076745102303961, 2.034985136500136, 2.0517132067779866, 2.067970000576925, 2.08378134625158, 2.099171005377434, 2.0778145742930914, 2.0, 2.0133875952833504, 2.026452566301683, 2.0392100975264844, 2.0516743260330896, 2.0638584356694163, 2.0757747408738405, 1.939478348465026, 1.950083820131212, 1.9604706066203132, 1.970647544617522, 1.8636418783646826, 1.872845836368258, 1.8818744701813106, 1.8907343345627514, 1.8040277995614062, 1.812139399802976, 1.8201074243349682, 1.8279368674795144, 1.8356324674140476, 1.8197856630329854, 1.8271323301865754, 1.8343595340298824, 1.7662875703956018, 1.773001358144233, 1.7563092744955693, 1.7627328287007058, 1.769059784437309, 1.7752930040416657, 1.7397335540998438, 1.7456456796732962, 1.7514739424771182, 1.7572206884394115, 1.762888166409103, 1.7112089088310611, 1.7165456292287256, 1.7218116625073372, 1.7270088567761552, 1.6815479783766785, 1.686464828204075, 1.69131982922246, 1.6961145181082427, 1.7008503749701613, 1.7055288260921353, 1.7101512465118534, 1.7147189624467796, 1.7192332535782688, 1.723695355203654, 1.7281064602653384, 1.7324677212652488, 1.736780252072328, 1.7410451296301572, 1.7452633955712633, 1.7494360577441581, 1.707039738822879, 1.7110157258572862, 1.7149500787547385, 1.7188436604223136, 1.7226973072151568, 1.7265118300147781, 1.7302880152531641, 1.734026625885932, 1.737728402317546, 1.7413940632813998, 1.745024306677374, 1.7486198103693282, 1.7521812329447857, 1.7557092144389546, 1.7592043770250747, 1.762667325672943, 1.7550283425912823, 1.7584072989100514, 1.761755950279737, 1.7650748354657284, 1.7683644789925452, 1.7716253916413531, 1.774858070925939, 1.736499634369142, 1.7396030089411125, 1.7426801943859687, 1.7457316290232, 1.7487577402595238, 1.7517589449481639, 1.7547356497334639, 1.7576882513815495, 1.7606171370977077, 1.763522684831124, 1.7664052635675742, 1.7692652336106343, 1.7467138400521804, 1.749489297963611, 1.752243487789381, 1.7549767330031867, 1.7576893497546506, 1.7474180294015023, 1.7281971173308275, 1.6987563527143896, 1.7012896381651514, 1.692328645041013, 1.6948085320634003, 1.6790876940691224, 1.6815060909342934, 1.6839073965127649, 1.6862918506852194, 1.6886596883173304, 1.6910111393985876, 1.6933464291763556, 1.6956657782853513, 1.6979694028727368, 1.7002575147189982, 1.702530321354782, 1.7047880261738493, 1.7070308285423037, 1.7092589239042346, 1.701219588920551, 1.703405666363736, 1.7055776853338664, 1.707735825493785, 1.7098802630841399, 1.712011171009748, 1.7141287189232561, 1.7162330733061915, 1.718324397547505, 1.7024747463459955, 1.7045189616352445, 1.7065507500070562, 1.7085702616370397, 1.7105776439949019, 1.7125730419090714, 1.7145565976293984, 1.7165284508880068, 1.7184887389583618, 1.7204375967126169, 1.7223751566772965, 1.7243015490873734, 1.7262169019388, 1.7281213410395395, 1.7300149900591535, 1.7318979705769906, 1.7337704021290279, 1.735632402253406, 1.717918188634259, 1.7197389337215123, 1.7215497020732944, 1.723350602428678, 1.7140339027695968, 1.7158039157025256, 1.717564437903887, 1.7193155706088754, 1.721057413441499, 1.713402550721702, 1.7151167147204316, 1.7168219274303376, 1.713063537558236, 1.6953146765282816, 1.6969692939776824, 1.698615447873716, 1.7002532243599804, 1.7018827082715506, 1.7035039831613497, 1.7051171313258549]}