{"last_value": 1.8400443607430559, "every_1000th_value_average": 0, "all_average": 1.8891888829937797, "every_1000th_value": [], "all_values": [1.5, 1.0, 1.5849625007211563, 2.0, 2.321928094887362, 2.2265655051187565, 1.6901960800285134, 1.8061799739838869, 1.713269364125579, 1.7954234350052463, 1.8697408319761173, 1.9375872997720684, 1.850219859070546, 1.862942891435778, 1.911645804424446, 1.957204336945808, 1.7391831770440536, 1.7742701753407084, 1.8074596285317477, 1.8389462918573833, 1.8688963952997206, 1.897452955912343, 1.924739908310523, 1.9508653554371702, 1.9759241552878613, 2.0000000000000004, 1.825484237380979, 1.8456273949108288, 1.8650636272817682, 1.8838408758904777, 1.8618050533776442, 1.879018247091076, 1.8957017191586905, 1.9118871020214394, 1.927603276666791, 1.9428766827604922, 1.8971568518868578, 1.911168205482732, 1.9248155863435594, 1.938117426500036, 1.8985430615062966, 1.9108628007029342, 1.8946718264494107, 1.9062525961888985, 1.9175731017544213, 1.9286447847426433, 1.939478348465026, 1.950083820131212, 1.9604706066203132, 1.970647544617522, 1.890808447323832, 1.9001465727136977, 1.902215418384688, 1.9111710479435238, 1.919962344716837, 1.9079721958072102, 1.9163615996600285, 1.9246050934166743, 1.9327076658273519, 1.9406740540843341, 1.8657298700049445, 1.8731097460348847, 1.8803715389691062, 1.8875189681945626, 1.8945555800892688, 1.9014847585887917, 1.9083097349581741, 1.9150335968399304, 1.9216592966415305, 1.9281896593194034, 1.934627389610827, 1.9409750787600382, 1.9314860399543687, 1.9129987304055338, 1.9189647695563206, 1.9248517859949732, 1.9306618457641873, 1.9363969349262853, 1.8816021077273315, 1.8681311830542462, 1.8734271109241936, 1.8786580564434092, 1.8838255950001899, 1.8889312453792977, 1.8939764724415806, 1.8740981519977387, 1.8789621903082794, 1.8837706383924266, 1.888524752567045, 1.893225747036038, 1.8685030641928329, 1.8730301397421103, 1.8775082729755386, 1.881938510817839, 1.8863218669567667, 1.8906593232353002, 1.8949518309716913, 1.8992003122118188, 1.8707277254409103, 1.874819336224596, 1.878870233787972, 1.8828812203816434, 1.8868530747749541, 1.8907865531635095, 1.8946823900332785, 1.8985412989837385, 1.9023639735123734, 1.906151087762684, 1.9099032972377212, 1.9136212394810443, 1.9173055347268568, 1.8859110721027483, 1.8894638470023053, 1.8929853195135855, 1.896476036413716, 1.89993653027746, 1.9033673199648684, 1.887046163546643, 1.8903841613302705, 1.893694225750661, 1.896976820440151, 1.9002323975831013, 1.9034613982897226, 1.9066642529547608, 1.9098413816017772, 1.9129931942137148, 1.916120091050396, 1.8830800372717809, 1.886100297351907, 1.8890972347276824, 1.8920712068404777, 1.8950225629769473, 1.8979516445152174, 1.9008587851618501, 1.90374431118, 1.9066085416091505, 1.909451788476801, 1.9122743570024576, 1.9150765457942565, 1.9178586470385433, 1.9206209466827022, 1.9233637246115267, 1.9260872548174008, 1.928791805564552, 1.9314776395476174, 1.9341450140447642, 1.9367941810655818, 1.9394253874939613, 1.942038875226165, 1.9446348813042758, 1.8993323348571356, 1.9018310778056415, 1.9043134354366713, 1.9067796212419839, 1.909229844567808, 1.9116643107214828, 1.894598494604557, 1.8679318678715762, 1.8702597448040603, 1.8725730268009246, 1.8748718957323025, 1.8771565300898896, 1.8794271050701101, 1.8816837926547334, 1.8839267616890436, 1.88615617795765, 1.8883722042580124, 1.8799955359153662, 1.8821730056104966, 1.8843376288020022, 1.8864895561833113, 1.864540763174112, 1.866640612388139, 1.8687283586576466, 1.8708041406994778, 1.8728680948592196, 1.8749203551649471, 1.8769610533794472, 1.878990319050982, 1.8810082795626404, 1.8749614717708014, 1.876948660049674, 1.878924959571011, 1.8808904890142533, 1.882845365129078, 1.884789702777008, 1.8867236149719093, 1.8886472129194094, 1.8738221364451098, 1.875708581247279, 1.8775851234064627, 1.8794518663452282, 1.8813089118743485, 1.8831563602261205, 1.860003633300947, 1.8618079395064047, 1.8636030634522518, 1.865389098123994, 1.8671661351018038, 1.8400443607430559]}